"time","M","wB"
0,-1,-0
0.01,-1,4.9875207901531109
0.02,-1,9.9501662013400924
0.03,-1,14.888060396705283
0.04,-1,19.801326914056862
0.05,-1,24.69008853492096
0.06,-1,29.554467521660271
0.07,-1,34.394586060244357
0.08,-1,39.210564298489615
0.09,-1,44.002524200760895
0.1,-1,48.770583181770746
0.11,-1,53.514862347518637
0.12,-1,58.235478414950194
0.13,-1,62.932549683263581
0.14,-1,67.606193756151725
0.15,-1,72.256527308984815
0.16,-1,76.883666890819043
0.17,-1,81.487728093123053
0.18,-1,86.068824424328312
0.19,-1,90.627070856805815
0.2,-1,95.162581785673069
0.21,-1,99.675471738716936
0.22,-1,104.16585557566751
0.23,-1,108.63383705099734
0.24,-1,113.07952806107235
0.25,-1,117.50304393091717
0.26,-1,121.90449745543995
0.27,-1,126.28400207571177
0.28,-1,130.64167013032741
0.29,-1,134.97758832752859
0.3,-1,139.29188021046824
0.31,-1,143.58465565841735
0.32,-1,147.85602476027555
0.33,-1,152.10609791105134
0.34,-1,156.33497606791241
0.35,-1,160.5427557630847
0.36,-1,164.72955103737772
0.37,-1,168.89546712699166
0.38,-1,173.04060879009145
0.39,-1,177.16508031100554
0.4,-1,181.2689819441857
0.41,-1,185.35241676656526
0.42,-1,189.4154870817251
0.43,-1,193.45829394194195
0.44,-1,197.48093771675673
0.45,-1,201.48351862312614
0.46,-1,205.46613917822617
0.47,-1,209.42889679388682
0.48,-1,213.37189009377258
0.49,-1,217.29521715393267
0.5,-1,221.19897550523359
0.51,-1,225.08326343506664
0.52,-1,228.94817867541326
0.53,-1,232.79381702954376
0.54,-1,236.62027467311211
0.55,-1,240.42764738574897
0.56,-1,244.2160305634136
0.57,-1,247.98551651999247
0.58,-1,251.73620058905578
0.59,-1,255.46817689547163
0.6,-1,259.18153897374907
0.61,-1,262.87638001401336
0.62,-1,266.55279287738483
0.63,-1,270.21087011135739
0.64,-1,273.85070396517767
0.65,-1,277.47238640522312
0.66,-1,281.07599772353848
0.67,-1,284.66163487215852
0.68,-1,288.2293880202231
0.69,-1,291.77934673032951
0.7,-1,295.31160021358221
0.71,-1,298.82623733983587
0.72,-1,302.32334664793797
0.73,-1,305.80301635597169
0.74,-1,309.26533392741794
0.75,-1,312.710376627855
0.76,-1,316.13823734816913
0.77,-1,319.54900195533213
0.78,-1,322.94275590968346
0.79,-1,326.31958426849769
0.8,-1,329.67957168955195
0.81,-1,333.02280243469278
0.82,-1,336.34936037340373
0.83,-1,339.65932856188738
0.84,-1,342.95278664254437
0.85,-1,346.22981924717322
0.86,-1,349.49050827490754
0.87,-1,352.7349351990087
0.88,-1,355.96318106786276
0.89,-1,359.1753265059769
0.9,-1,362.37145171497622
0.91,-1,365.55163647460023
0.92,-1,368.71596161943
0.93,-1,371.86451180847769
0.94,-1,374.99736081691429
0.95,-1,378.11458690906761
0.96,-1,381.21626791473898
0.97,-1,384.3024812292029
0.98,-1,387.37330381320737
0.99,-1,390.42881219297379
1,-1,393.46908246019677
1.01,-1,396.49419027204431
1.02,-1,399.50421085115778
1.03,-1,402.49921898565191
1.04,-1,405.47928902911485
1.05,-1,408.44449490060794
1.06,-1,411.39491008466598
1.07,-1,414.3306076312972
1.08,-1,417.25166015598296
1.09,-1,420.1581398396782
1.1,-1,423.05012604428441
1.11,-1,425.92772084228494
1.12,-1,428.79096607135727
1.13,-1,431.6399329859205
1.14,-1,434.47469243039325
1.15,-1,437.29531483919328
1.16,-1,440.10187023673774
1.17,-1,442.89442823744304
1.18,-1,445.6730580457251
1.19,-1,448.4378284559989
1.2,-1,451.18880785267885
1.21,-1,453.92606421017865
1.22,-1,456.64966509291128
1.23,-1,459.35967765528909
1.24,-1,462.05616864172379
1.25,-1,464.73920438662623
1.26,-1,467.40885081440678
1.27,-1,470.0651734394749
1.28,-1,472.70824857806923
1.29,-1,475.33819226950698
1.3,-1,477.95502082683737
1.31,-1,480.55879939297409
1.32,-1,483.1495927450373
1.33,-1,485.72746529435318
1.34,-1,488.29248108645425
1.35,-1,490.84470380107922
1.36,-1,493.38419675217307
1.37,-1,495.91102288788699
1.38,-1,498.42524479057835
1.39,-1,500.92692467681076
1.4,-1,503.41612439735411
1.41,-1,505.89290543718448
1.42,-1,508.35732891548412
1.43,-1,510.80945558564173
1.44,-1,513.24934583525203
1.45,-1,515.67705968611585
1.46,-1,518.09266456169189
1.47,-1,520.49626059689137
1.48,-1,522.88786927001013
1.49,-1,525.26755011159128
1.5,-1,527.63536232027388
1.51,-1,529.99136476279364
1.52,-1,532.33561597398227
1.53,-1,534.66817415676758
1.54,-1,536.98909718217374
1.55,-1,539.2984425893211
1.56,-1,541.59626758542618
1.57,-1,543.88262904580188
1.58,-1,546.15758351385705
1.59,-1,548.42118720109693
1.6,-1,550.67349598712303
1.61,-1,552.91456541963282
1.62,-1,555.14445071442026
1.63,-1,557.36320675537524
1.64,-1,559.57089463784507
1.65,-1,561.76760847179048
1.66,-1,563.95336622190655
1.67,-1,566.12822236001193
1.68,-1,568.29223105796382
1.69,-1,570.44544618765815
1.7,-1,572.58792132102906
1.71,-1,574.71970973004954
1.72,-1,576.8408643867308
1.73,-1,578.95143796312266
1.74,-1,581.05148283131348
1.75,-1,583.14105106343027
1.76,-1,585.22019443163811
1.77,-1,587.28896440814128
1.78,-1,589.34741216518182
1.79,-1,591.39558857504096
1.8,-1,593.43354421003801
1.81,-1,595.46132934253092
1.82,-1,597.47899856890672
1.83,-1,599.48663465126378
1.84,-1,601.48425766176979
1.85,-1,603.4719174064561
1.86,-1,605.44966341699887
1.87,-1,607.41754495071882
1.88,-1,609.37561099058121
1.89,-1,611.3239102451962
1.9,-1,613.2624911488183
1.91,-1,615.19140186134678
1.92,-1,617.11069026832558
1.93,-1,619.02040398094312
1.94,-1,620.92059033603266
1.95,-1,622.81129639607207
1.96,-1,624.69256894918362
1.97,-1,626.56445450913441
1.98,-1,628.42699931533616
1.99,-1,630.28024933284519
2,-1,632.12425381582216
2.01,-1,633.95908861169733
2.02,-1,635.7847723441015
2.03,-1,637.60135053301735
2.04,-1,639.40886844685804
2.05,-1,641.20737110246648
2.06,-1,642.99690326511575
2.07,-1,644.77750944850902
2.08,-1,646.54923391477917
2.09,-1,648.31212067448962
2.1,-1,650.0662134866335
2.11,-1,651.81155585863394
2.12,-1,653.5481910463443
2.13,-1,655.27616205404797
2.14,-1,656.99551163445813
2.15,-1,658.70628228871828
2.16,-1,660.40851626640188
2.17,-1,662.10225556551222
2.18,-1,663.78754613844876
2.19,-1,665.46447304668141
2.2,-1,667.13303957987318
2.21,-1,668.79328747708917
2.22,-1,670.44525823961521
2.23,-1,672.08899313019867
2.24,-1,673.72453317228735
2.25,-1,675.35191914927054
2.26,-1,676.97119160371824
2.27,-1,678.58239083662193
2.28,-1,680.18555690663379
2.29,-1,681.78072962930776
2.3,-1,683.36794857633822
2.31,-1,684.94725307480144
2.32,-1,686.51868220639437
2.33,-1,688.08227480667563
2.34,-1,689.63806946430498
2.35,-1,691.18610452028327
2.36,-1,692.72641806719321
2.37,-1,694.25904794843814
2.38,-1,695.7840317574836
2.39,-1,697.3014068370959
2.4,-1,698.8112102785833
2.41,-1,700.31347892103497
2.42,-1,701.80824935056216
2.43,-1,703.29555789953713
2.44,-1,704.77544064583412
2.45,-1,706.24793341206851
2.46,-1,707.71307176483788
2.47,-1,709.17089101396073
2.48,-1,710.62142621171768
2.49,-1,712.06474407179223
2.5,-1,713.500971336872
2.51,-1,714.9300398481505
2.52,-1,716.35198509675297
2.53,-1,717.76684236107485
2.54,-1,719.17464670649781
2.55,-1,720.5754329851062
2.56,-1,721.96923583540445
2.57,-1,723.35608968203258
2.58,-1,724.73602873548316
2.59,-1,726.10908699181846
2.6,-1,727.47529823238563
2.61,-1,728.83469602353466
2.62,-1,730.18731371633396
2.63,-1,731.53318444628758
2.64,-1,732.87234113305101
2.65,-1,734.20481648014857
2.66,-1,735.53064297468916
2.67,-1,736.84985288708344
2.68,-1,738.16247827075995
2.69,-1,739.46855096188199
2.7,-1,740.76810257906368
2.71,-1,742.0611645230872
2.72,-1,743.34776797661868
2.73,-1,744.62794390392514
2.74,-1,745.90172305059082
2.75,-1,747.16913594323387
2.76,-1,748.43021288922296
2.77,-1,749.68498397639337
2.78,-1,750.93347907276427
2.79,-1,752.17572782625473
2.8,-1,753.41181844897585
2.81,-1,754.64184340885049
2.82,-1,755.86573362866204
2.83,-1,757.08351947098515
2.84,-1,758.29523113374864
2.85,-1,759.50089865080304
2.86,-1,760.70055189249001
2.87,-1,761.89422056621015
2.88,-1,763.08193421699161
2.89,-1,764.26372222805776
2.9,-1,765.43961382139685
2.91,-1,766.6096380583291
2.92,-1,767.77382384007603
2.93,-1,768.93219990832813
2.94,-1,770.08479484581392
2.95,-1,771.23163707686751
2.96,-1,772.37275486799774
2.97,-1,773.50817632845622
2.98,-1,774.63792941080567
2.99,-1,775.76204191148804
3,-1,776.88054147139383
3.01,-1,777.99345557642937
3.02,-1,779.10081155808564
3.03,-1,780.20263659400689
3.04,-1,781.29895770855865
3.05,-1,782.38980177339636
3.06,-1,783.47519550803338
3.07,-1,784.55516548040987
3.08,-1,785.62973810746075
3.09,-1,786.69893965568428
3.1,-1,787.76279624171048
3.11,-1,788.82136914255159
3.12,-1,789.87469322242202
3.13,-1,790.92276022843851
3.14,-1,791.96559637426833
3.15,-1,793.00322775130769
3.16,-1,794.03568032963528
3.17,-1,795.06297995896637
3.18,-1,796.08515236960648
3.19,-1,797.10222317340549
3.2,-1,798.11421786471089
3.21,-1,799.1211618213224
3.22,-1,800.12308030544511
3.23,-1,801.1199984646438
3.24,-1,802.1119413327965
3.25,-1,803.09893383104861
3.26,-1,804.0810007687661
3.27,-1,805.0581668444903
3.28,-1,806.0304566468908
3.29,-1,806.99789465572007
3.3,-1,807.96050524276654
3.31,-1,808.91831267280941
3.32,-1,809.87134110457123
3.33,-1,810.8196145916728
3.34,-1,811.76315708358675
3.35,-1,812.70199242659089
3.36,-1,813.63614436472255
3.37,-1,814.5656365407325
3.38,-1,815.49049249703819
3.39,-1,816.41073567667809
3.4,-1,817.32638942426559
3.41,-1,818.23747698694228
3.42,-1,819.14400331484205
3.43,-1,820.04599532808095
3.44,-1,820.94348609657789
3.45,-1,821.83649820836672
3.46,-1,822.72505414881641
3.47,-1,823.60917630142967
3.48,-1,824.48888694864263
3.49,-1,825.36420827262327
3.5,-1,826.23516235607099
3.51,-1,827.10177118301488
3.52,-1,827.96405663961355
3.53,-1,828.82204051495387
3.54,-1,829.67574450184975
3.55,-1,830.52519019764134
3.56,-1,831.37039910499436
3.57,-1,832.21139263269845
3.58,-1,833.04819209646712
3.59,-1,833.88081871973566
3.6,-1,834.70929363446123
3.61,-1,835.53363788192132
3.62,-1,836.3538724135127
3.63,-1,837.1700180915509
3.64,-1,837.98209569006872
3.65,-1,838.79012589561569
3.66,-1,839.59412930805684
3.67,-1,840.39412644137178
3.68,-1,841.19013772445385
3.69,-1,841.98218350190905
3.7,-1,842.77028403485485
3.71,-1,843.55445950171975
3.72,-1,844.33472999904177
3.73,-1,845.11107733336155
3.74,-1,845.88354114942751
3.75,-1,846.65215249560549
3.76,-1,847.41693066876155
3.77,-1,848.17789487075368
3.78,-1,848.93506420896495
3.79,-1,849.68845769683787
3.8,-1,850.43809425440713
3.81,-1,851.18399270883401
3.82,-1,851.92617179493948
3.83,-1,852.66465015573851
3.84,-1,853.39944634297296
3.85,-1,854.13057881764587
3.86,-1,854.85806595055487
3.87,-1,855.58192602282566
3.88,-1,856.30217722644602
3.89,-1,857.01883766479932
3.9,-1,857.73192535319799
3.91,-1,858.44145821941754
3.92,-1,859.14745410423006
3.93,-1,859.84993076193746
3.94,-1,860.54890586090607
3.95,-1,861.24439698409935
3.96,-1,861.93642162961214
3.97,-1,862.62499721120389
3.98,-1,863.31014105883298
3.99,-1,863.99187041918935
4,-1,864.67020245622939
4.01,-1,865.34515425170855
4.02,-1,866.01674280571558
4.03,-1,866.68498503720593
4.04,-1,867.34988215793373
4.05,-1,868.01146230923234
4.06,-1,868.66974387349535
4.07,-1,869.32474328423359
4.08,-1,869.97647689058226
4.09,-1,870.62496095774395
4.1,-1,871.27021166743009
4.11,-1,871.91224511830353
4.12,-1,872.55107732642068
4.13,-1,873.18672422567363
4.14,-1,873.81920166823238
4.15,-1,874.44852542498711
4.16,-1,875.07471118599051
4.17,-1,875.69777456089935
4.18,-1,876.31773107941751
4.19,-1,876.93459619173768
4.2,-1,877.54838526898357
4.21,-1,878.15911360365237
4.22,-1,878.7667964100566
4.23,-1,879.3714488247665
4.24,-1,879.97308590705256
4.25,-1,880.57172263932694
4.26,-1,881.16737392758614
4.27,-1,881.76005460185343
4.28,-1,882.34977941662066
4.29,-1,882.93656305129048
4.3,-1,883.5204201106186
4.31,-1,884.10136512515612
4.32,-1,884.67941255169183
4.33,-1,885.25457677369377
4.34,-1,885.82687217477576
4.35,-1,886.39631680406387
4.36,-1,886.96292147742599
4.37,-1,887.52670032531046
4.38,-1,888.08766740835279
4.39,-1,888.64583671783782
4.4,-1,889.2012221761629
4.41,-1,889.75383763730008
4.42,-1,890.30369688725818
4.43,-1,890.85081364454618
4.44,-1,891.39520156063543
4.45,-1,891.93687422042171
4.46,-1,892.4758451426884
4.47,-1,893.01212778056879
4.48,-1,893.5457355220085
4.49,-1,894.07668169022804
4.5,-1,894.60497954418554
4.51,-1,895.13064227903908
4.52,-1,895.6536830266092
4.53,-1,896.17411485584171
4.54,-1,896.69195077326981
4.55,-1,897.20720372347694
4.56,-1,897.71988658955934
4.57,-1,898.23001219358832
4.58,-1,898.73759329707275
4.59,-1,899.24264260142218
4.6,-1,899.74517274840866
4.61,-1,900.24519632062959
4.62,-1,900.74272584197047
4.63,-1,901.23777377806675
4.64,-1,901.73035253676744
4.65,-1,902.22047193074229
4.66,-1,902.70813161228875
4.67,-1,903.19335704718424
4.68,-1,903.6761603304202
4.69,-1,904.15655350068721
4.7,-1,904.63454854087365
4.71,-1,905.11015737856383
4.72,-1,905.58339188653713
4.73,-1,906.05426388326657
4.74,-1,906.52278513341741
4.75,-1,906.9889673483458
4.76,-1,907.45282218659725
4.77,-1,907.91436125440566
4.78,-1,908.37359610619194
4.79,-1,908.83053824506203
4.8,-1,909.28519912330648
4.81,-1,909.73759014289851
4.82,-1,910.18772265599273
4.83,-1,910.63560796542401
4.84,-1,911.0812573252058
4.85,-1,911.52468194102926
4.86,-1,911.96589297076139
4.87,-1,912.40490152494397
4.88,-1,912.8417186672923
4.89,-1,913.27635541519362
4.9,-1,913.70882274020596
4.91,-1,914.13913156855665
4.92,-1,914.56729278164084
4.93,-1,914.99331721652084
4.94,-1,915.41721566642366
4.95,-1,915.83899888124085
4.96,-1,916.2586775680262
4.97,-1,916.67626239149479
4.98,-1,917.09176397452188
4.99,-1,917.50519289864121
5,-1,917.91655970454372
5.01,-1,918.32587489257605
5.02,-1,918.73314892323981
5.03,-1,919.13839221768944
5.04,-1,919.54161515823148
5.05,-1,919.94282808882292
5.06,-1,920.34204131556976
5.07,-1,920.73926510722595
5.08,-1,921.13450969569203
5.09,-1,921.52778527651333
5.1,-1,921.91910200937923
5.11,-1,922.30847001862162
5.12,-1,922.69589939371315
5.13,-1,923.08140018976644
5.14,-1,923.46498242803239
5.15,-1,923.8466560963991
5.16,-1,924.22643114989023
5.17,-1,924.60431751116391
5.18,-1,924.98032507101118
5.19,-1,925.35446368885471
5.2,-1,925.72674319324767
5.21,-1,926.09717338237192
5.22,-1,926.46570741274684
5.23,-1,926.83229652840646
5.24,-1,927.19705243957139
5.25,-1,927.55998433636171
5.26,-1,927.92110137223176
5.27,-1,928.28041266442881
5.28,-1,928.63792729444981
5.29,-1,928.9936543084998
5.3,-1,929.3476027179496
5.31,-1,929.69978149979374
5.32,-1,930.0501995971083
5.33,-1,930.39886591950824
5.34,-1,930.74578934360613
5.35,-1,931.0909787134691
5.36,-1,931.43444284107727
5.37,-1,931.77619050678106
5.38,-1,932.11623045975955
5.39,-1,932.45457141847783
5.4,-1,932.79122207114517
5.41,-1,933.12619107617286
5.42,-1,933.45948706263141
5.43,-1,933.79111863070921
5.44,-1,934.12109435217008
5.45,-1,934.44942277081077
5.46,-1,934.77611240291901
5.47,-1,935.10117173773142
5.48,-1,935.42460923789145
5.49,-1,935.74643333990662
5.5,-1,936.06665245460704
5.51,-1,936.38527496760287
5.52,-1,936.70230923974202
5.53,-1,937.01776360756844
5.54,-1,937.33164638377957
5.55,-1,937.64396585768407
5.56,-1,937.95473029566006
5.57,-1,938.26394794161251
5.58,-1,938.57162701743164
5.59,-1,938.87777572344987
5.6,-1,939.18240223890052
5.61,-1,939.485514722375
5.62,-1,939.78712131228122
5.63,-1,940.08723012730081
5.64,-1,940.38584926684734
5.65,-1,940.68298681152396
5.66,-1,940.97865082358135
5.67,-1,941.27284934737543
5.68,-1,941.5655904098254
5.69,-1,941.85688202087113
5.7,-1,942.14673217393147
5.71,-1,942.4351488463617
5.72,-1,942.72213999991175
5.73,-1,943.00771358118368
5.74,-1,943.29187752208941
5.75,-1,943.57463974030907
5.76,-1,943.85600813974827
5.77,-1,944.13599061099626
5.78,-1,944.41459503178373
5.79,-1,944.69166643531628
5.8,-1,944.96722037079917
5.81,-1,945.24139680660153
5.82,-1,945.51420273379279
5.83,-1,945.78564511645936
5.84,-1,946.05573089202846
5.85,-1,946.32446697159094
5.86,-1,946.59186024022438
5.87,-1,946.85791755731634
5.88,-1,947.12264575688755
5.89,-1,947.386051647915
5.9,-1,947.64814201465504
5.91,-1,947.90892361696672
5.92,-1,948.16840319063454
5.93,-1,948.42658744769199
5.94,-1,948.68348307674478
5.95,-1,948.93909674329359
5.96,-1,949.19343509005728
5.97,-1,949.44650473729632
5.98,-1,949.69831228313581
5.99,-1,949.94886430388863
6,-1,950.19816735437848
6.01,-1,950.4462279682632
6.02,-1,950.6930526583576
6.03,-1,950.93864791695717
6.04,-1,951.1830202161608
6.05,-1,951.42617600819392
6.06,-1,951.66812172573179
6.07,-1,951.90886378222274
6.08,-1,952.14840857221111
6.09,-1,952.38676247166052
6.1,-1,952.62393183827703
6.11,-1,952.85992301183217
6.12,-1,953.0947423144861
6.13,-1,953.32839605111099
6.14,-1,953.56089050961396
6.15,-1,953.79223196126031
6.16,-1,954.02242666099642
6.17,-1,954.25148084777345
6.18,-1,954.47940074486996
6.19,-1,954.70619256021519
6.2,-1,954.93186248671248
6.21,-1,955.15641670256196
6.22,-1,955.37986137158407
6.23,-1,955.6022026435428
6.24,-1,955.8234466544684
6.25,-1,956.04359952698053
6.26,-1,956.26266737061223
6.27,-1,956.48065628213192
6.28,-1,956.69757234586746
6.29,-1,956.91342163402885
6.3,-1,957.12821020703132
6.31,-1,957.34194411381895
6.32,-1,957.55462939218717
6.33,-1,957.76627206910644
6.34,-1,957.97687816104519
6.35,-1,958.18645367429281
6.36,-1,958.39480708367023
6.37,-1,958.60205380948764
6.38,-1,958.80826749523737
6.39,-1,959.01345336885663
6.4,-1,959.2176166351187
6.41,-1,959.42076247583077
6.42,-1,959.62289605003127
6.43,-1,959.82402249418806
6.44,-1,960.02414692239563
6.45,-1,960.22327442657286
6.46,-1,960.42141007666078
6.47,-1,960.61855892082031
6.48,-1,960.81472598562948
6.49,-1,961.00991627628173
6.5,-1,961.20413477678289
6.51,-1,961.3973864501495
6.52,-1,961.58967623860599
6.53,-1,961.78100906378222
6.54,-1,961.97138982691195
6.55,-1,962.16082340902938
6.56,-1,962.3493146711678
6.57,-1,962.53686845455661
6.58,-1,962.72348958081932
6.59,-1,962.90918285217072
6.6,-1,963.09395305161536
6.61,-1,963.27780494314447
6.62,-1,963.46074327193389
6.63,-1,963.64277276454186
6.64,-1,963.82389812910628
6.65,-1,964.004124055543
6.66,-1,964.18345521574258
6.67,-1,964.36189626376893
6.68,-1,964.53945183605629
6.69,-1,964.7161265516072
6.7,-1,964.89192501218986
6.71,-1,965.06685180253612
6.72,-1,965.24091149053891
6.73,-1,965.41410862745022
6.74,-1,965.58644774807817
6.75,-1,965.75793337098526
6.76,-1,965.9285699986857
6.77,-1,966.09836211784318
6.78,-1,966.2673141994685
6.79,-1,966.43543069911709
6.8,-1,966.60271605708681
6.81,-1,966.76917469861587
6.82,-1,966.93481103407998
6.83,-1,967.09962945919017
6.84,-1,967.26363435519079
6.85,-1,967.42683008905647
6.86,-1,967.58922101369058
6.87,-1,967.75081146812227
6.88,-1,967.91160577770461
6.89,-1,968.07160825431163
6.9,-1,968.23082319653679
6.91,-1,968.38925488988968
6.92,-1,968.54690760699452
6.93,-1,968.70366513995248
6.94,-1,968.85963397668922
6.95,-1,969.014826727946
6.96,-1,969.16924726051388
6.97,-1,969.32289942228022
6.98,-1,969.47578704236651
6.99,-1,969.62791393126577
7,-1,969.77928388097973
7.01,-1,969.92990066515722
7.02,-1,970.07976803923077
7.03,-1,970.22888974055502
7.04,-1,970.37726948854333
7.05,-1,970.52491098480607
7.06,-1,970.67181791328801
7.07,-1,970.81799394040559
7.08,-1,970.96344271518444
7.09,-1,971.10816786939756
7.1,-1,971.25217301770192
7.11,-1,971.39546175777673
7.12,-1,971.53803767046077
7.13,-1,971.67990431988983
7.14,-1,971.82106525363406
7.15,-1,971.96152400283609
7.16,-1,972.101284082348
7.17,-1,972.24034899086939
7.18,-1,972.37872221108421
7.19,-1,972.5164072097989
7.2,-1,972.65340743807997
7.21,-1,972.78972633139085
7.22,-1,972.92536730973029
7.23,-1,973.0603337777693
7.24,-1,973.19462912498875
7.25,-1,973.32825672581737
7.26,-1,973.46121993976885
7.27,-1,973.59352211157932
7.28,-1,973.7251665713452
7.29,-1,973.85615663466058
7.3,-1,973.98649560275487
7.31,-1,974.11618676263004
7.32,-1,974.2452333871986
7.33,-1,974.37363873542085
7.34,-1,974.50140605244223
7.35,-1,974.6285385697314
7.36,-1,974.7550395052175
7.37,-1,974.88091206342733
7.38,-1,975.00615943562377
7.39,-1,975.13078479994226
7.4,-1,975.25479132152907
7.41,-1,975.37818215267873
7.42,-1,975.50096043297151
7.43,-1,975.62312928941049
7.44,-1,975.74469183656015
7.45,-1,975.86565117668272
7.46,-1,975.9860103998767
7.47,-1,976.10577258421381
7.48,-1,976.22494079587671
7.49,-1,976.34351313592106
7.5,-1,976.46146111209976
7.51,-1,976.57882121708337
7.52,-1,976.6955963599512
7.53,-1,976.81178943638065
7.54,-1,976.92740332876519
7.55,-1,977.04244090633313
7.56,-1,977.15690502526616
7.57,-1,977.27079852881786
7.58,-1,977.38412424743228
7.59,-1,977.49688499886213
7.6,-1,977.60908358828783
7.61,-1,977.72072280843565
7.62,-1,977.83180543969638
7.63,-1,977.94233425024368
7.64,-1,978.05231199615298
7.65,-1,978.16174142151954
7.66,-1,978.2706252585773
7.67,-1,978.37896622781739
7.68,-1,978.48676703810645
7.69,-1,978.59403038680512
7.7,-1,978.70075895988714
7.71,-1,978.80695543205695
7.72,-1,978.91262246686904
7.73,-1,979.01776271684594
7.74,-1,979.12237882359716
7.75,-1,979.2264734179372
7.76,-1,979.33004912000479
7.77,-1,979.43310853938044
7.78,-1,979.53565427520607
7.79,-1,979.63768891630252
7.8,-1,979.73921504128873
7.81,-1,979.84023521870017
7.82,-1,979.94075200710711
7.83,-1,980.04076795523338
7.84,-1,980.14028560207453
7.85,-1,980.23930747701706
7.86,-1,980.33783609995623
7.87,-1,980.43587398141483
7.88,-1,980.53342362266199
7.89,-1,980.63048751583108
7.9,-1,980.72706814403887
7.91,-1,980.82316798150384
7.92,-1,980.91878949366435
7.93,-1,981.01393513729772
7.94,-1,981.10860736063842
7.95,-1,981.20280860349646
7.96,-1,981.29654129737651
7.97,-1,981.3898078655958
7.98,-1,981.4826107234029
7.99,-1,981.57495227809602
8,-1,981.66683492914217
8.01,-1,981.75826106829493
8.02,-1,981.84923307971326
8.03,-1,981.9397533400803
8.04,-1,982.02982421872139
8.05,-1,982.11944807772295
8.06,-1,982.20861379199675
8.07,-1,982.2973063352598
8.08,-1,982.38555568661593
8.09,-1,982.47336406290356
8.1,-1,982.56073367198928
8.11,-1,982.64766671286543
8.12,-1,982.73416537574928
8.13,-1,982.82023184218099
8.14,-1,982.90586828512244
8.15,-1,982.99107686905541
8.16,-1,983.07585975007999
8.17,-1,983.16021907601362
8.18,-1,983.24415698648875
8.19,-1,983.32767561305195
8.2,-1,983.41077707926183
8.21,-1,983.49346350078804
8.22,-1,983.57573698550925
8.23,-1,983.65759963361199
8.24,-1,983.73905353768885
8.25,-1,983.82010078283702
8.26,-1,983.90074344675679
8.27,-1,983.98098359984988
8.28,-1,984.06082330531831
8.29,-1,984.14026461926233
8.3,-1,984.21930959077906
8.31,-1,984.297960262061
8.32,-1,984.37621866849463
8.33,-1,984.4540868387586
8.34,-1,984.53156679492236
8.35,-1,984.60866055254462
8.36,-1,984.68537012077161
8.37,-1,984.76169750243594
8.38,-1,984.83764469415462
8.39,-1,984.91321368642775
8.4,-1,984.98840646373708
8.41,-1,985.0632250046441
8.42,-1,985.13767128188886
8.43,-1,985.2117472624883
8.44,-1,985.28545490783495
8.45,-1,985.35879617379464
8.46,-1,985.43177301080595
8.47,-1,985.50438736397803
8.48,-1,985.57664117318927
8.49,-1,985.64853637318549
8.5,-1,985.72007489367888
8.51,-1,985.79125865944616
8.52,-1,985.8620895904271
8.53,-1,985.93256960182293
8.54,-1,986.00270060419496
8.55,-1,986.07248450356258
8.56,-1,986.14192320150232
8.57,-1,986.21101859524629
8.58,-1,986.2797725777798
8.59,-1,986.34818703794099
8.6,-1,986.41626386051837
8.61,-1,986.48400492634971
8.62,-1,986.55141211242062
8.63,-1,986.61845459527206
8.64,-1,986.68513237723766
8.65,-1,986.75147704176379
8.66,-1,986.817490274953
8.67,-1,986.88317375606141
8.68,-1,986.94852915756758
8.69,-1,987.01355814524072
8.7,-1,987.07826237820927
8.71,-1,987.14264350902909
8.72,-1,987.20670318375232
8.73,-1,987.27044304199512
8.74,-1,987.33386471700715
8.75,-1,987.3969698357389
8.76,-1,987.45976001891086
8.77,-1,987.52223688108177
8.78,-1,987.58440203071689
8.79,-1,987.64625707025687
8.8,-1,987.7078035961855
8.81,-1,987.76904319909886
8.82,-1,987.82997746377339
8.83,-1,987.89060796923422
8.84,-1,987.95093628882398
8.85,-1,988.01096399027097
8.86,-1,988.07069263575772
8.87,-1,988.13012378198925
8.88,-1,988.18925898026168
8.89,-1,988.24809977653081
8.9,-1,988.3066477114802
8.91,-1,988.36490432058974
8.92,-1,988.42287113420423
8.93,-1,988.48054967760174
8.94,-1,988.53794147106214
8.95,-1,988.59504802993513
8.96,-1,988.65187086470917
8.97,-1,988.70841148107991
8.98,-1,988.76467138001817
8.99,-1,988.82065205783886
9,-1,988.87635500626902
9.01,-1,988.93178171251668
9.02,-1,988.986933659339
9.03,-1,989.04181232511064
9.04,-1,989.09641918389275
9.05,-1,989.15075570550073
9.06,-1,989.20482335557278
9.07,-1,989.25862359563894
9.08,-1,989.31215788318889
9.09,-1,989.36542767174046
9.1,-1,989.4184344109085
9.11,-1,989.47117954647285
9.12,-1,989.52366452044691
9.13,-1,989.57589077114642
9.14,-1,989.6278597332572
9.15,-1,989.6795728379044
9.16,-1,989.73103151272039
9.17,-1,989.78223718191316
9.18,-1,989.83319126633512
9.19,-1,989.88389518355154
9.2,-1,989.93431316296062
9.21,-1,989.9844651345287
9.22,-1,990.03436717508089
9.23,-1,990.08402054463397
9.24,-1,990.13342649739946
9.25,-1,990.18258628182741
9.26,-1,990.23150114065038
9.27,-1,990.28017231092724
9.28,-1,990.32860102408722
9.29,-1,990.37678850597308
9.3,-1,990.42473597688593
9.31,-1,990.47244465162828
9.32,-1,990.51991573954842
9.33,-1,990.56715044458394
9.34,-1,990.61414996530573
9.35,-1,990.66091549496184
9.36,-1,990.70744822152108
9.37,-1,990.7537493277174
9.38,-1,990.79981999109327
9.39,-1,990.84566138404364
9.4,-1,990.89127467385981
9.41,-1,990.93666102277348
9.42,-1,990.98182158800023
9.43,-1,991.02675752178368
9.44,-1,991.07146997143934
9.45,-1,991.11596007939795
9.46,-1,991.16022898325025
9.47,-1,991.20427781578985
9.48,-1,991.24810770505792
9.49,-1,991.29171977438637
9.5,-1,991.33511514244219
9.51,-1,991.37829492327091
9.52,-1,991.42126022634091
9.53,-1,991.46401215658693
9.54,-1,991.5065518144537
9.55,-1,991.54888029594042
9.56,-1,991.59099869264435
9.57,-1,991.63290809180421
9.58,-1,991.67460957634466
9.59,-1,991.71610422492006
9.6,-1,991.75739311195775
9.61,-1,991.79847730770257
9.62,-1,991.83935787826067
9.63,-1,991.88003588564266
9.64,-1,991.92051238780823
9.65,-1,991.96078843870976
9.66,-1,992.00086508833613
9.67,-1,992.04074338275632
9.68,-1,992.08042436416372
9.69,-1,992.1199090709199
9.7,-1,992.15919853759806
9.71,-1,992.19829379502733
9.72,-1,992.23719587033645
9.73,-1,992.27590578699744
9.74,-1,992.31442456486968
9.75,-1,992.35275322024404
9.76,-1,992.39089276588606
9.77,-1,992.42882306125489
9.78,-1,992.46656232667601
9.79,-1,992.50411371640268
9.8,-1,992.54147816501165
9.81,-1,992.57865660250457
9.82,-1,992.61564995434105
9.83,-1,992.65245914147147
9.84,-1,992.68908508036998
9.85,-1,992.72552868306752
9.86,-1,992.76179085718479
9.87,-1,992.79787250596485
9.88,-1,992.83377452830666
9.89,-1,992.86949781879764
9.9,-1,992.90504326774681
9.91,-1,992.94041176121755
9.92,-1,992.97560418106082
9.93,-1,993.01062140494787
9.94,-1,993.04546430640323
9.95,-1,993.08013375483802
9.96,-1,993.1146306155822
9.97,-1,993.14895574991829
9.98,-1,993.18311001511393
9.99,-1,993.21709426445466
10,-1,993.25090934727746
